,Area,Perimeter,Compactness,KernelLength,KernelWidth,AsymmetryCoef,KernelGrooveLength,Label
count,60.0,60.0,60.0,60.0,60.0,60.0,60.0,60.0
mean,14.953166666666668,14.604000000000001,0.8713400000000001,5.649083333333334,3.2727166666666667,3.6823516666666665,5.447966666666667,2.0
std,3.0047845979747017,1.3350784906780524,0.025586160189061954,0.4546885427454213,0.39841546714864984,1.4409785292854236,0.5071345546274431,0.8233869695926183
min,10.8,12.57,0.8081,4.981,2.63,0.8551,4.607,1.0
25%,12.425,13.515,0.858725,5.271,2.9425,2.4617500000000003,5.05425,1.0
50%,14.375,14.335,0.8779,5.5475,3.263,3.6550000000000002,5.2844999999999995,2.0
75%,18.235,16.067500000000003,0.8891,6.0545,3.582,4.832,5.922499999999999,3.0
max,20.24,16.91,0.9081,6.549,3.962,6.685,6.498,3.0
