,Area,Perimeter,Compactness,KernelLength,KernelWidth,AsymmetryCoef,KernelGrooveLength,Label
Area,1.0,0.9945056525980357,0.6340417666613806,0.9541472047877764,0.9697136870615736,-0.21200701104282274,0.8636751407775242,-0.3662347995268178
Perimeter,0.9945056525980357,1.0,0.5573675156989895,0.9759901400576808,0.9427212484362059,-0.20224758581949492,0.892642876865774,-0.3450621163502525
Compactness,0.6340417666613806,0.5573675156989895,1.0,0.4106895161273083,0.7861530370702607,-0.3200150347683365,0.23928459937789134,-0.5841647146381718
KernelLength,0.9541472047877764,0.9759901400576808,0.4106895161273083,1.0,0.8673551929980217,-0.17372368831017415,0.9403582305952894,-0.279871701587583
KernelWidth,0.9697136870615736,0.9427212484362059,0.7861530370702607,0.8673551929980217,1.0,-0.24438878656098692,0.7448980512954897,-0.45368224731189943
AsymmetryCoef,-0.21200701104282274,-0.20224758581949492,-0.3200150347683365,-0.17372368831017415,-0.24438878656098692,1.0,-0.002763360956951634,0.5072376441322851
KernelGrooveLength,0.8636751407775242,0.892642876865774,0.23928459937789134,0.9403582305952894,0.7448980512954897,-0.002763360956951634,1.0,0.011487016131540335
Label,-0.3662347995268178,-0.3450621163502525,-0.5841647146381718,-0.279871701587583,-0.45368224731189943,0.5072376441322851,0.011487016131540335,1.0
