,Area,Perimeter,Compactness,KernelLength,KernelWidth,AsymmetryCoef,KernelGrooveLength,Label
Area,9.028730480225986,3.989582033898305,0.04874570169491523,1.3035951553672318,1.1608953192090399,-0.9179543358757062,1.3160941751412425,-0.9061016949152544
Perimeter,3.989582033898305,1.782434576271186,0.019039413559322028,0.5924698305084747,0.501448440677966,-0.3890878372881356,0.6043767457627118,-0.379322033898305
Compactness,0.04874570169491523,0.019039413559322028,0.0006546515932203388,0.004777852542372884,0.008013982711864405,-0.011798668711864406,0.0031048674576271197,-0.01230677966101695
KernelLength,1.3035951553672318,0.5924698305084747,0.004777852542372884,0.20674167090395482,0.1571256850282487,-0.1138231399717514,0.2168355790960452,-0.10477966101694915
KernelWidth,1.1608953192090399,0.501448440677966,0.008013982711864405,0.1571256850282487,0.15873488446327683,-0.1403055901977401,0.15050683785310737,-0.14883050847457632
AsymmetryCoef,-0.9179543358757062,-0.3890878372881356,-0.011798668711864406,-0.1138231399717514,-0.1403055901977401,2.0764191218615817,-0.0020193812994350043,0.601828813559322
KernelGrooveLength,1.3160941751412425,0.6043767457627118,0.0031048674576271197,0.2168355790960452,0.15050683785310737,-0.0020193812994350043,0.25718545649717517,0.004796610169491487
Label,-0.9061016949152544,-0.379322033898305,-0.01230677966101695,-0.10477966101694915,-0.14883050847457632,0.601828813559322,0.004796610169491487,0.6779661016949152
